,csv_confirmed,csv_death,csv_recovered,date,confirmed_BA,obitos_BA,death/conf,recov/conf,obit/confBA,confBA/conf,recov/confBA,recovBA
0,0,0,0,2020-01-22,0,0,0.0,0.0,0.0,0.0,0.0,0
1,0,0,0,2020-01-23,0,0,0.0,0.0,0.0,0.0,0.0,0
2,0,0,0,2020-01-24,0,0,0.0,0.0,0.0,0.0,0.0,0
3,0,0,0,2020-01-25,0,0,0.0,0.0,0.0,0.0,0.0,0
4,0,0,0,2020-01-26,0,0,0.0,0.0,0.0,0.0,0.0,0
5,0,0,0,2020-01-27,0,0,0.0,0.0,0.0,0.0,0.0,0
6,0,0,0,2020-01-28,0,0,0.0,0.0,0.0,0.0,0.0,0
7,0,0,0,2020-01-29,0,0,0.0,0.0,0.0,0.0,0.0,0
8,0,0,0,2020-01-30,0,0,0.0,0.0,0.0,0.0,0.0,0
9,0,0,0,2020-01-31,0,0,0.0,0.0,0.0,0.0,0.0,0
10,0,0,0,2020-02-01,0,0,0.0,0.0,0.0,0.0,0.0,0
11,0,0,0,2020-02-02,0,0,0.0,0.0,0.0,0.0,0.0,0
12,0,0,0,2020-02-03,0,0,0.0,0.0,0.0,0.0,0.0,0
13,0,0,0,2020-02-04,0,0,0.0,0.0,0.0,0.0,0.0,0
14,0,0,0,2020-02-05,0,0,0.0,0.0,0.0,0.0,0.0,0
15,0,0,0,2020-02-06,0,0,0.0,0.0,0.0,0.0,0.0,0
16,0,0,0,2020-02-07,0,0,0.0,0.0,0.0,0.0,0.0,0
17,0,0,0,2020-02-08,0,0,0.0,0.0,0.0,0.0,0.0,0
18,0,0,0,2020-02-09,0,0,0.0,0.0,0.0,0.0,0.0,0
19,0,0,0,2020-02-10,0,0,0.0,0.0,0.0,0.0,0.0,0
20,0,0,0,2020-02-11,0,0,0.0,0.0,0.0,0.0,0.0,0
21,0,0,0,2020-02-12,0,0,0.0,0.0,0.0,0.0,0.0,0
22,0,0,0,2020-02-13,0,0,0.0,0.0,0.0,0.0,0.0,0
23,0,0,0,2020-02-14,0,0,0.0,0.0,0.0,0.0,0.0,0
24,0,0,0,2020-02-15,0,0,0.0,0.0,0.0,0.0,0.0,0
25,0,0,0,2020-02-16,0,0,0.0,0.0,0.0,0.0,0.0,0
26,0,0,0,2020-02-17,0,0,0.0,0.0,0.0,0.0,0.0,0
27,0,0,0,2020-02-18,0,0,0.0,0.0,0.0,0.0,0.0,0
28,0,0,0,2020-02-19,0,0,0.0,0.0,0.0,0.0,0.0,0
29,0,0,0,2020-02-20,0,0,0.0,0.0,0.0,0.0,0.0,0
30,0,0,0,2020-02-21,0,0,0.0,0.0,0.0,0.0,0.0,0
31,0,0,0,2020-02-22,0,0,0.0,0.0,0.0,0.0,0.0,0
32,0,0,0,2020-02-23,0,0,0.0,0.0,0.0,0.0,0.0,0
33,0,0,0,2020-02-24,0,0,0.0,0.0,0.0,0.0,0.0,0
34,0,0,0,2020-02-25,0,0,0.0,0.0,0.0,0.0,0.0,0
35,1,0,0,2020-02-26,0,0,0.0,0.0,0.0,0.0,0.0,0
36,1,0,0,2020-02-27,0,0,0.0,0.0,0.0,0.0,0.0,0
37,1,0,0,2020-02-28,0,0,0.0,0.0,0.0,0.0,0.0,0
38,2,0,0,2020-02-29,0,0,0.0,0.0,0.0,0.0,0.0,0
39,2,0,0,2020-03-01,0,0,0.0,0.0,0.0,0.0,0.0,0
40,2,0,0,2020-03-02,0,0,0.0,0.0,0.0,0.0,0.0,0
41,2,0,0,2020-03-03,0,0,0.0,0.0,0.0,0.0,0.0,0
42,4,0,0,2020-03-04,0,0,0.0,0.0,0.0,0.0,0.0,0
43,4,0,0,2020-03-05,0,0,0.0,0.0,0.0,0.0,0.0,0
44,13,0,0,2020-03-06,1,0,0.0,0.0,0.0,0.07692307692307693,0.5568579441564525,0
45,13,0,0,2020-03-07,2,0,0.0,0.0,0.0,0.15384615384615385,1.113715888312905,2
46,20,0,0,2020-03-08,2,0,0.0,0.0,0.0,0.1,0.7239153274033883,1
47,25,0,0,2020-03-09,2,0,0.0,0.0,0.0,0.08,0.5791322619227105,1
48,31,0,0,2020-03-10,2,0,0.0,0.0,0.0,0.06451612903225806,0.46704214671186334,0
49,38,0,0,2020-03-11,3,0,0.0,0.0,0.0,0.07894736842105263,0.5715121005816222,1
50,52,0,0,2020-03-12,3,0,0.0,0.0,0.0,0.057692307692307696,0.41764345811733933,1
51,151,0,0,2020-03-13,7,0,0.0,0.0,0.0,0.046357615894039736,0.33558988687574287,2
52,151,0,0,2020-03-14,7,0,0.0,0.0,0.0,0.046357615894039736,0.33558988687574287,2
53,162,0,0,2020-03-15,9,0,0.0,0.0,0.0,0.05555555555555555,0.40217518189077117,3
54,200,0,1,2020-03-16,10,0,0.0,0.005,0.0,0.05,0.36195766370169413,3
55,321,1,2,2020-03-17,14,0,0.003115264797507788,0.006230529595015576,0.0,0.04361370716510903,0.2521080839965101,3
56,372,3,2,2020-03-18,27,0,0.008064516129032258,0.005376344086021506,0.0,0.07258064516129033,0.36073329510250274,9
57,621,6,2,2020-03-19,31,0,0.00966183574879227,0.00322061191626409,0.0,0.0499194847020934,0.16406609702654223,5
58,793,11,2,2020-03-20,34,0,0.013871374527112233,0.0025220680958385876,0.0,0.04287515762925599,0.02710624427189323,0
59,1021,15,2,2020-03-21,41,0,0.014691478942213516,0.0019588638589618022,0.0,0.040156709108716944,-0.009320743260068431,0
60,1546,25,2,2020-03-22,55,0,0.016170763260025874,0.00129366106080207,0.0,0.03557567917205692,-0.07269265314877199,-3
61,1924,34,2,2020-03-23,63,0,0.017671517671517672,0.0010395010395010396,0.0,0.032744282744282746,-0.12383714835659143,-7
62,2247,46,2,2020-03-24,79,0,0.020471740097908322,0.0008900756564307966,0.0,0.03515798842901647,-0.1635485676620716,-12
63,2554,59,2,2020-03-25,91,0,0.023101018010963197,0.0007830853563038371,0.0,0.03563038371182459,-0.21382249553837052,-19
64,2985,77,6,2020-03-26,108,0,0.02579564489112228,0.0020100502512562816,0.0,0.036180904522613064,-0.2648653814643635,-28
65,3417,92,6,2020-03-27,123,0,0.026924202516827627,0.001755926251097454,0.0,0.035996488147497806,-0.2892471839814269,-35
66,3904,111,6,2020-03-28,127,0,0.028432377049180328,0.0015368852459016393,0.0,0.03253073770491803,-0.34513539476605987,-43
67,4256,136,6,2020-03-29,156,1,0.03195488721804511,0.0014097744360902255,0.00641025641025641,0.03665413533834586,-0.10803400794608842,-16
68,4579,159,120,2020-03-30,176,2,0.034723738807599915,0.0262065953264905,0.011363636363636364,0.03843633981218607,0.0640585044669395,11
69,5717,201,127,2020-03-31,217,2,0.035158299807591394,0.02221444813713486,0.009216589861751152,0.037956970439041456,-0.0417965236291894,-9
70,6836,240,127,2020-04-01,246,2,0.03510825043885313,0.01857811585722645,0.008130081300813009,0.03598595669982446,-0.10236368019152331,-25
71,8044,324,127,2020-04-02,267,3,0.04027846842366982,0.015788165091994034,0.011235955056179775,0.033192441571357534,-0.09289942758298375,-24
72,9056,359,127,2020-04-03,290,6,0.03964222614840989,0.014023851590106008,0.020689655172413793,0.03202296819787986,0.32336508351862936,93
73,10360,445,127,2020-04-04,336,7,0.04295366795366795,0.012258687258687258,0.020833333333333332,0.032432432432432434,0.2649624345193785,89
74,11130,486,127,2020-04-05,401,9,0.04366576819407008,0.011410601976639713,0.022443890274314215,0.036028751123090744,0.3465992911219451,138
75,12161,564,127,2020-04-06,437,10,0.046377764986432035,0.010443220129923526,0.02288329519450801,0.03593454485650851,0.3096718347535087,135
76,14034,686,127,2020-04-07,462,14,0.048881288299843235,0.009049451332478267,0.030303030303030304,0.03292005130397606,0.5598760041402274,258
77,16170,819,127,2020-04-08,515,18,0.05064935064935065,0.007854050711193569,0.03495145631067961,0.031849103277674706,0.7184700007291978,370
78,18092,950,173,2020-04-09,568,19,0.05250939641830643,0.009562237453017909,0.03345070422535211,0.03139509175326111,0.6118361708456177,347
79,19638,1057,173,2020-04-10,616,19,0.05382421835217436,0.008809451064263164,0.030844155844155844,0.031367756390671145,0.4712645703619971,290
80,20727,1124,173,2020-04-11,640,21,0.05422878371206639,0.008346601051768225,0.0328125,0.030877599266657018,0.545181836765025,348
81,22192,1223,173,2020-04-12,674,21,0.055109949531362654,0.0077956020187454934,0.03115727002967359,0.03037130497476568,0.4514316889508181,304
82,23430,1328,173,2020-04-13,723,22,0.05667947076397781,0.007383696116090482,0.030428769017980636,0.03085787451984635,0.3911736953499907,282
83,25262,1532,3046,2020-04-14,776,26,0.06064444620378434,0.12057635974982187,0.03350515463917526,0.030718074578418176,0.4431771020479278,343
84,28320,1736,14026,2020-04-15,884,28,0.06129943502824859,0.4952683615819209,0.03167420814479638,0.031214689265536725,0.35365303706776663,312
85,30425,1924,14026,2020-04-16,967,34,0.06323746918652424,0.4610024650780608,0.03516028955532575,0.03178307313064914,0.47001967979149706,454
86,33682,2141,14026,2020-04-17,1064,36,0.06356510896027552,0.4164242028383113,0.03383458646616541,0.031589573065732436,0.4041896045374749,430
87,36658,2354,14026,2020-04-18,1200,40,0.06421517813301325,0.3826177096404605,0.03333333333333333,0.03273501009329478,0.37737513798639455,452
88,38654,2462,22130,2020-04-19,1249,45,0.06369327883272106,0.5725151342681223,0.036028823058446756,0.03231230920473949,0.5023698936725578,627
89,40743,2587,22130,2020-04-20,1377,47,0.06349556979112976,0.543160788356282,0.03413217138707335,0.033797216699801194,0.43455189822647045,598
90,43079,2741,22991,2020-04-21,1504,48,0.06362728939854685,0.533693911186425,0.031914893617021274,0.03491260242809722,0.343367221105098,516
91,45757,2906,25318,2020-04-22,1645,53,0.0635094083965295,0.553314247000459,0.03221884498480243,0.035950783486679634,0.36652808453557495,602
92,50036,3331,26573,2020-04-23,1845,62,0.06657206811096011,0.5310776241106403,0.03360433604336043,0.036873451115197055,0.37100582979840513,684
93,54043,3704,27655,2020-04-24,1979,67,0.06853801602427696,0.5117221471790981,0.033855482566953005,0.03661898858316526,0.33995442605993165,672
94,59324,4057,29160,2020-04-25,2116,72,0.06838716202548716,0.4915379947407457,0.034026465028355386,0.03566853212864945,0.34360139211509977,727
95,63100,4286,30152,2020-04-26,2248,74,0.06792393026941362,0.4778446909667195,0.03291814946619217,0.03562599049128368,0.3044827629916267,684
96,67446,4603,31142,2020-04-27,2356,83,0.0682471903448685,0.46173234884203657,0.03522920203735144,0.03493164902292204,0.39350827784025544,927
97,73235,5083,32544,2020-04-28,2564,93,0.06940670444459617,0.4443776882638083,0.03627145085803432,0.035010582371816756,0.4157938480645751,1066
98,79685,5513,34132,2020-04-29,2676,100,0.06918491560519546,0.4283365752651064,0.03736920777279522,0.03358223003074606,0.4577937033189088,1225
99,87187,6006,35935,2020-04-30,2867,106,0.06888641655292647,0.41216006973516695,0.03697244506452738,0.03288334270017319,0.44154990663012406,1265
100,92202,6412,38039,2020-05-01,3140,117,0.06954296002255916,0.4125615496410056,0.037261146496815285,0.03405566039782217,0.4492027531735274,1410
101,97100,6761,40937,2020-05-02,3315,123,0.06962924819773429,0.42159629248197733,0.037104072398190045,0.03414006179196705,0.44121056127165925,1462
102,101826,7051,42991,2020-05-03,3566,128,0.06924557578614499,0.42220061673835757,0.0358945597307908,0.0350205252096714,0.4027415469156401,1436
103,108620,7367,45815,2020-05-04,3734,141,0.06782360522923955,0.4217915669305837,0.03776111408677022,0.0343767262014362,0.5084138329476793,1898
104,115455,7938,48221,2020-05-05,4040,146,0.06875406002338573,0.4176605603914945,0.036138613861386136,0.03499198822051882,0.423201731165467,1709
105,126611,8588,51370,2020-05-06,4301,160,0.06782980941624346,0.40573093964979345,0.0372006510113927,0.033970192163398125,0.4809342932881939,2068
106,135773,9190,55350,2020-05-07,4528,165,0.06768650615365353,0.4076657361920264,0.03643992932862191,0.03334978235731699,0.44623775912897123,2020
107,146894,10017,59297,2020-05-08,4818,183,0.06819202962680572,0.40367203561752013,0.03798256537982565,0.03279916129998502,0.4991147183578566,2404
108,156061,10656,61685,2020-05-09,5174,196,0.06828099268875631,0.39526210904710335,0.03788171627367607,0.03315370271880867,0.4954722566007663,2563
109,162699,11123,64957,2020-05-10,5558,202,0.06836550931474686,0.39924646125667645,0.03634400863620007,0.034161242539904976,0.43406817491084326,2412
110,169594,11653,67384,2020-05-11,5808,214,0.06871115723433611,0.39732537707701926,0.03684573002754821,0.03424649456938335,0.44947819458230054,2610
111,178214,12461,72597,2020-05-12,6204,225,0.06992155498445689,0.4073585689115333,0.0362669245647969,0.034812079859045865,0.4036457290456401,2504
112,190137,13240,78424,2020-05-13,6547,236,0.06963400074682992,0.4124604890158149,0.036047044447838704,0.03443306668349664,0.39719781856351966,2600
113,203165,13999,79479,2020-05-14,6955,262,0.06890458494327271,0.3912041936357148,0.03767074047447879,0.03423325868136736,0.48136402858022476,3347
114,220291,14962,84970,2020-05-15,8128,281,0.06791925226178101,0.38571707423362733,0.03457185039370079,0.03689665033977784,0.3858005229548864,3135
115,233511,15662,89672,2020-05-16,8314,286,0.06707178676807517,0.3840161705444283,0.034399807553524175,0.03560431842611269,0.3862586178786922,3211
116,241080,16118,94122,2020-05-17,8443,295,0.06685747469719595,0.39041811846689894,0.03494018713727348,0.03502156960345114,0.4099517547968736,3461
117,255368,16853,100459,2020-05-18,8881,312,0.06599495629836158,0.39338914820964255,0.035131178921292645,0.034777262617085934,0.43411533179164197,3855
118,271885,17983,106794,2020-05-19,11013,326,0.06614193500928701,0.39279106975375616,0.029601380187051666,0.0405060963274914,0.2317460921448098,2552
119,291579,18859,116683,2020-05-20,11197,362,0.06467886919153985,0.4001762815566279,0.03233008841654014,0.03840125660627137,0.36523034012936906,4089
120,310087,20047,125960,2020-05-21,11941,376,0.0646495983385308,0.4062085801726612,0.031488150071183316,0.03850854760115709,0.3299358026122552,3939
121,330890,21048,135430,2020-05-22,12557,399,0.06361026322947202,0.4092900964066608,0.03177510551883412,0.03794916739702016,0.35960888073833264,4515
122,347398,22013,142587,2020-05-23,13000,413,0.06336536191918203,0.41044277744834456,0.03176923076923077,0.03742105596462847,0.36053117791996137,4686
123,363211,22666,149911,2020-05-24,13899,460,0.06240449766113912,0.41273805033437866,0.03309590618030074,0.03826701283826756,0.4440581983041909,6171
124,374898,23473,153833,2020-05-25,14204,477,0.06261169704826379,0.41033294389407254,0.033582089552238806,0.03788763877107907,0.45825531014260745,6509
125,391222,24512,158593,2020-05-26,14566,495,0.06265496316669308,0.4053785318821539,0.03398324866126596,0.03723205750187873,0.4700976045349987,6847
126,411821,25598,166647,2020-05-27,15070,531,0.06215807353194713,0.4046588202155791,0.035235567352355675,0.03659356856498333,0.5301649969051963,7989
127,438238,26754,177604,2020-05-28,15963,570,0.06104901902619125,0.4052683701550299,0.035707573764330015,0.03642541267530429,0.5721535138035421,9133
128,465166,27878,189476,2020-05-29,16917,609,0.05993129334474145,0.40732985643834674,0.035999290654371345,0.036367662296900465,0.6072661917085755,10273
129,498440,28834,200892,2020-05-30,17626,638,0.05784848728031458,0.40304148944707485,0.03619652785657551,0.035362330471069736,0.6511126448991316,11476
130,514849,29314,206555,2020-05-31,18392,667,0.056937082523225255,0.4011953019234766,0.03626576772509787,0.03572309550955717,0.6753520935586945,12421
131,526447,29937,211080,2020-06-01,18898,701,0.056866123275467424,0.4009520426557659,0.03709387236744629,0.03589725081537173,0.7141284080408234,13495
132,555383,31199,223638,2020-06-02,21430,736,0.05617564815631735,0.4026734703799,0.034344377041530566,0.03858598480688102,0.6279441490752893,13456
133,584016,32548,238617,2020-06-03,22451,762,0.055731349826032166,0.4085795594641243,0.03394058171128235,0.038442439933152515,0.6183917021752023,13883
134,614941,34021,254963,2020-06-04,23463,790,0.05532400669332505,0.4146137596940194,0.03367003367003367,0.03815487989904723,0.612845355162233,14379
135,645771,35026,266940,2020-06-05,26419,819,0.05423904139393067,0.4133663481326972,0.031000416367008593,0.040910787260499466,0.5386823682492983,14231
136,672846,35930,277149,2020-06-06,27396,846,0.053400035074890835,0.41190554748040414,0.03088042049934297,0.04071659785448676,0.549184141120596,15045
137,691758,36455,283952,2020-06-07,28250,879,0.05269906528005459,0.41047880906328515,0.03111504424778761,0.0408379809124,0.5745962528472122,16232
138,707412,37134,378257,2020-06-08,28715,910,0.05249274821461892,0.534705376781847,0.03169075396134424,0.04059162128999791,0.60210002820892,17289
139,739503,38406,396737,2020-06-09,30481,937,0.05193488058871972,0.5364914003053403,0.030740461270955678,0.0412182235907089,0.5766404151512337,17576
140,772416,39680,413916,2020-06-10,32685,975,0.05137128179633772,0.5358718617946806,0.029830197338228545,0.04231528088491176,0.5564469113044372,18187
141,802828,40919,429965,2020-06-11,33891,1013,0.05096857608354467,0.5355630346724329,0.029889941282346344,0.042214521665911005,0.5665433660673467,19200
142,828810,41828,445123,2020-06-12,34665,1039,0.05046753779515208,0.537062776752211,0.029972594836290205,0.04182502624244398,0.5775554925408302,20020
143,850514,42720,459436,2020-06-13,35788,1069,0.05022845009018076,0.5401862873509431,0.02987034760254834,0.04207808454652128,0.5798167588546823,20750
144,867624,43332,469141,2020-06-14,36401,1105,0.04994329340820448,0.5407192516574,0.03035630889261284,0.04195480991766019,0.6059127667140316,22055
145,888271,43959,477709,2020-06-15,37620,1145,0.04948827553753303,0.5377964607647892,0.030435938330675174,0.042351939892217576,0.6215478818291544,23382
146,923189,45241,490005,2020-06-16,39206,1181,0.04900513329339929,0.530774305153116,0.03012294036627047,0.042468010342410926,0.618622581765581,24253
147,955377,46510,521046,2020-06-17,40926,1222,0.0486823526210072,0.5453826081222387,0.02985876948639007,0.04283753952628125,0.6163838610447138,25226
148,978142,47748,534580,2020-06-18,41577,1263,0.048814998231340646,0.546525964532757,0.030377372104769464,0.04250609829656635,0.6338624195423651,26354
149,1032913,48954,551631,2020-06-19,43922,1305,0.04739411741356726,0.5340536908723194,0.02971176175948272,0.04252245832901706,0.6340079364034867,27846
150,1067579,49976,576779,2020-06-20,45304,1350,0.046812460717192826,0.5402682143429198,0.029798693272117253,0.042436203784450614,0.6490479331050053,29404
151,1083341,50591,588118,2020-06-21,46279,1391,0.046699054129770774,0.5428743119664077,0.03005682923140085,0.042718774605595096,0.6646520431836406,30759
152,1106470,51271,601736,2020-06-22,47086,1441,0.046337451535061955,0.5438339945954251,0.030603576434609012,0.04255515287355283,0.6946645208268802,32708
153,1145906,52645,627963,2020-06-23,49084,1491,0.045941813726431316,0.5480056828396046,0.03037649743297205,0.042834228985623606,0.6948743094835574,34107
154,1188631,53830,660469,2020-06-24,51931,1541,0.04528739364865968,0.5556552033389672,0.029673990487377483,0.043689757376343036,0.6838354947150994,35512
155,1228114,54971,679524,2020-06-25,54291,1601,0.04476050268948974,0.5533069405608926,0.029489233943010812,0.04420680816276013,0.6902916705745398,37476
156,1274974,55961,702399,2020-06-26,56422,1642,0.04389187544216588,0.5509124107628861,0.029102123285243343,0.044253451442931385,0.6915081054572325,39016
157,1313667,57070,727715,2020-06-27,65244,1697,0.04344327748204073,0.5539569769203306,0.02601005456440439,0.0496655545126733,0.6051791323622289,39484
158,1344143,57622,746018,2020-06-28,68495,1748,0.04286895069944195,0.5550138638522836,0.025520110957004162,0.050958119783386144,0.6049262559450984,41434
159,1368195,58314,757811,2020-06-29,69467,1800,0.04262111760385033,0.5538764576686803,0.02591158391754358,0.05077273341884746,0.6256951702651159,43465
160,1402041,59594,788318,2020-06-30,73307,1853,0.042505176382145744,0.5622645842739263,0.02527725865197048,0.052285917458904554,0.6113902264736834,44819
161,1448753,60632,817642,2020-07-01,76485,1902,0.04185116441519017,0.5643763981851979,0.0248676211021769,0.05279367842551491,0.6105808926017785,46700
162,1496858,61884,957692,2020-07-02,79349,1947,0.04134259896396318,0.6398015042175009,0.02453717123089138,0.05301037239337332,0.6081431165262665,48255
163,1539081,63174,984615,2020-07-03,82314,2001,0.0410465725975436,0.6397421578201538,0.024309351993585537,0.05348256524510406,0.6076844571630278,50020
164,1577004,64265,990731,2020-07-04,85485,2050,0.04075132339550185,0.6282361997813576,0.023980815347721823,0.05420721824421498,0.6046509738797454,51688
165,1603055,64867,1029045,2020-07-05,87048,2107,0.04046461287978267,0.6419274447851134,0.024205036301810496,0.05430131842014154,0.6209527316534648,54052
166,1623284,65487,1062542,2020-07-06,88279,2168,0.040342293769913336,0.6545632187590095,0.024558502021998437,0.05438296687455799,0.6394362428481949,56448
167,1668589,66741,1107012,2020-07-07,91954,2216,0.03999846576958137,0.6634419860133323,0.024099006024751506,0.05510883746686572,0.6316999436647591,58087
168,1713160,67964,1139844,2020-07-08,95536,2277,0.03967171776132994,0.665345910481216,0.02383394741249372,0.05576595297578743,0.6315854597280658,60339
169,1755779,69184,1171447,2020-07-09,98319,2328,0.03940359236555398,0.6671950171405399,0.023678027644707535,0.05599736641114855,0.6319454244879124,62132
170,1800827,70398,1217361,2020-07-10,101186,2383,0.039092039379685,0.6760010817252295,0.02355068883047062,0.056188628891059494,0.634146372556459,64166
171,1839850,71469,1244088,2020-07-11,104188,2436,0.03884501453922874,0.6761899067858793,0.023380811609782316,0.056628529499687476,0.6349768142564741,66156
172,1864681,72100,1264843,2020-07-12,105763,2483,0.03866613109695439,0.6783160229551328,0.023477019373504913,0.05671908492659066,0.6434755602905502,68055
173,1884967,72833,1291251,2020-07-13,106891,2535,0.03863887272297075,0.6850257855973075,0.02371574781787054,0.056707093545934756,0.6543427613753418,69943
174,1926824,74133,1323425,2020-07-14,110029,2584,0.038474193802859005,0.6868427007344728,0.023484717665342773,0.05710381435979622,0.6505155977738037,71575
175,1966748,75366,1350098,2020-07-15,112993,2638,0.03832011015137679,0.6864621191937147,0.02334657899161895,0.057451691828337946,0.6501641866034207,73464
176,2012151,76688,1397531,2020-07-16,116373,2693,0.038112447823249844,0.6945457870706523,0.02314110661407715,0.05783512271196346,0.6482317178855649,75436
177,2046328,77851,1428520,2020-07-17,118657,2738,0.038044243151635515,0.6980894558448109,0.023074913405867332,0.057985327865327556,0.6478289979499281,76869
178,2074860,78772,1447408,2020-07-18,120238,2793,0.0379649711305823,0.6975930906181622,0.02322892929024102,0.057949933971448674,0.655899488038671,78864
179,2098389,79488,1459072,2020-07-19,122169,2840,0.0378804883174664,0.6953296076180346,0.02324648642454305,0.05822037763255526,0.6603471996007405,80673
180,2118646,80120,1514300,2020-07-20,123292,2891,0.03781660551125578,0.7147489481489593,0.023448398922882262,0.05819377092728092,0.6702530752449695,82636
181,2159654,81487,1555339,2020-07-21,126844,2936,0.0377315069913977,0.7201797139727012,0.023146542209327995,0.058733482307814125,0.6627511819555152,84066
182,2227514,82771,1591975,2020-07-22,133245,2988,0.03715846454837096,0.7146868661655998,0.02242485646740966,0.05981780585890818,0.6508715058869518,86725
183,2287475,84082,1620313,2020-07-23,138358,3044,0.036757560191914666,0.7083412933474683,0.022000896225733244,0.06048503262330736,0.6454239477514644,89299
184,2343366,85238,1693214,2020-07-24,142767,3096,0.036374172877817634,0.7225563569668588,0.021685683666393493,0.06092390177206634,0.6427018441661063,91756
185,2394513,86449,1785359,2020-07-25,146399,3140,0.036102957052227325,0.7456042209835569,0.021448233936024155,0.061139363202454944,0.6394585620621921,93616
186,2419091,87004,1812913,2020-07-26,148179,3182,0.03596557549922678,0.7494190999842503,0.02147402803366199,0.06125399995287486,0.6442173774487271,95459
187,2442375,87618,1846641,2020-07-27,149109,3227,0.03587409795793029,0.7560841394134807,0.021641886136987035,0.061050821434054964,0.6519253742708896,97207
188,2483191,88539,1868749,2020-07-28,153313,3270,0.03565533219152292,0.7525595091154889,0.021328915356166794,0.06174031719670376,0.6477534206115085,99309
189,2552265,90134,1922802,2020-07-29,157334,3321,0.03531529837223016,0.753370829439733,0.021107961406943192,0.061644852709260206,0.6443831030667593,101383
190,2610102,91263,1956807,2020-07-30,161630,3391,0.03496530020665859,0.7497051839353405,0.020980016086122627,0.06192478301614266,0.6479846222594731,104733
191,2662485,92475,2008854,2020-07-31,166154,3463,0.0347325900427608,0.7545034056529896,0.020842110331379324,0.06240560979686271,0.6502114633313687,108035
192,2707877,93563,2037982,2020-08-01,168926,3517,0.03455216023475217,0.75261247095049,0.020819767235357493,0.062383188010386,0.6527606769608497,110268
193,2733677,94104,2062876,2020-08-02,170476,3572,0.03442396449909774,0.7546158525678052,0.020953096036978813,0.06236142748393464,0.6610279686748207,112689
194,2750318,94665,2098976,2020-08-03,171391,3624,0.03441965619975581,0.763175749131555,0.02114463419899528,0.062316793912558475,0.6691349131702089,114683
195,2801921,95819,2157484,2020-08-04,175389,3678,0.03419760942581893,0.7700017238173382,0.02097052836836974,0.06259598325577345,0.6681076841490349,117178
196,2859073,97256,2190361,2020-08-05,179737,3736,0.03401662007231015,0.7661088051966494,0.020785926103139587,0.06286548122415903,0.665714693895882,119653
197,2912212,98493,2230542,2020-08-06,183690,3789,0.03382068338431406,0.7659270684963869,0.020627143557079862,0.06307576508853065,0.6643228175645898,122029
198,2962442,99572,2272299,2020-08-07,187892,3843,0.03361145973490789,0.7670357765654147,0.02045323909479914,0.06342470164816728,0.6635474027324045,124675
199,3012412,100477,2321537,2020-08-08,191401,3899,0.03335433532996151,0.7706572009406416,0.020370844457447974,0.06353745769171017,0.6660259762754127,127478
200,3035422,101049,2356983,2020-08-09,193029,3953,0.03328993464500159,0.7764926919551878,0.020478788161364354,0.06359214633088908,0.6724383091758738,129800
201,3057470,101752,2390830,2020-08-10,194097,4011,0.033279803236008855,0.7819635188570943,0.020664925269324102,0.0634828796357773,0.679961048527167,131978
202,3109630,103026,2449338,2020-08-11,198767,4067,0.03313127285239723,0.7876621977534305,0.020461142946263715,0.06391982325871566,0.6772820136665081,134621
203,3164785,104201,2506228,2020-08-12,203020,4104,0.032925143414165574,0.7919109828945726,0.0202147571667816,0.06414969737280732,0.6724247164917312,136515
204,3224876,105463,2521100,2020-08-13,206955,4202,0.03270296284260232,0.7817664927271623,0.020303930806213913,0.06417456051023357,0.681025738572527,140941
205,3275520,106523,2616981,2020-08-14,210993,4271,0.0325209432395467,0.7989513115474794,0.0202423777092131,0.06441511576787808,0.6838034339382432,144277
206,3317096,107232,2622878,2020-08-15,214379,4338,0.032327071631330535,0.7907151315488005,0.02023519094687446,0.06462851843902015,0.6889944226538641,147705
207,3340197,107852,2655017,2020-08-16,216030,4406,0.032289113486420114,0.7948683865053469,0.020395315465444614,0.06467582600666967,0.6970859616854984,150591
208,3359570,108536,2699080,2020-08-17,217115,4475,0.0323065154171516,0.8034004351747396,0.02061119683117242,0.06462583009135098,0.7057709538356882,153233
209,3407354,109888,2751246,2020-08-18,221041,4542,0.03225024461796456,0.8074435471042927,0.02054822408512448,0.06487174505496053,0.705957645861251,156045
210,3456652,111100,2801931,2020-08-19,224659,4611,0.03214092711675922,0.8105909996146561,0.02052443926128043,0.06499323622973907,0.7080336593448671,159066
211,3501975,112304,2844318,2020-08-20,228596,4685,0.03206876119903768,0.8122039706165807,0.020494671822779052,0.06527630836884901,0.7102601318153791,162362
212,3532330,113358,2855558,2020-08-21,229743,4757,0.03209156562382337,0.8084063493501457,0.020705745115193935,0.0650400726998893,0.7172771727965986,164789
213,3582362,114250,2913966,2020-08-22,234204,4832,0.03189236598646368,0.8134203076071039,0.02063158613858004,0.06537697753605023,0.7205541741920282,168756
214,3605783,114744,2947784,2020-08-23,236050,4905,0.0318222144815703,0.8175156408469395,0.02077949586951917,0.06546428334705666,0.7290607104442252,172094
215,3622861,115309,2976256,2020-08-24,237208,4981,0.031828160119861074,0.8215208919138769,0.020998448618933595,0.06547532461223327,0.7385552823542374,175191
216,3669995,116580,3032551,2020-08-25,240939,5051,0.0317657108524671,0.8263093001489102,0.02096381241725084,0.06565104312131216,0.7395941278362317,178197
217,3717156,117665,3082447,2020-08-26,245021,5116,0.031654576778590945,0.8292487589974701,0.020879842952236747,0.0659162542545968,0.7401264242120609,181346
218,3761391,118649,3122846,2020-08-27,247853,5178,0.03154391553550269,0.830237005405713,0.020891415476108822,0.06589397379852294,0.7427290144794143,184087
219,3804803,119504,3158783,2020-08-28,250977,5243,0.031408722081011815,0.830209343295829,0.020890360471278246,0.06596320492808695,0.7459450870439456,187215
220,3846153,120262,3202185,2020-08-29,254790,5302,0.03126812687898791,0.8325682831650223,0.020809293928333136,0.0662454145739912,0.7473285083627015,190411
221,3862311,120828,3237615,2020-08-30,256062,5344,0.031283860880182875,0.8382584934253093,0.020869945560059673,0.06629761300941328,0.7500266335356687,192053
222,3908272,121381,3268591,2020-08-31,256727,5397,0.031057459665038666,0.8363263866997999,0.021022331114374414,0.06568810973238301,0.7568746435587762,194310
223,3950931,122596,3345240,2020-09-01,259418,5448,0.031029648455009717,0.8466966393490547,0.021000855761743594,0.0656599672330395,0.7563035437452631,196198
224,3997865,123780,3387309,2020-09-02,262299,5502,0.030961525714350034,0.8472794854253458,0.020976061670078802,0.06560976921431814,0.7562514593663598,198364
225,4041638,124614,3429435,2020-09-03,265739,5549,0.030832548585499244,0.8485260184113471,0.02088139113942628,0.0657503220229026,0.755779651996918,200840
226,4091801,125502,3464278,2020-09-04,268137,5590,0.03067157958072741,0.8466389250112604,0.02084755181120099,0.06553031293555088,0.7560003870037635,202711
227,4123000,126203,3498999,2020-09-05,270177,5627,0.030609507640067913,0.8486536502546689,0.020827087427871357,0.06552922629153529,0.7563688333026107,204353
228,4137521,126650,3522155,2020-09-06,271255,5658,0.030610116540798222,0.8512718122759981,0.02085860168476157,0.06555978809533534,0.75795018240065,205597
229,4147794,126960,3549201,2020-09-07,271963,5693,0.030609041818373817,0.8556840093794437,0.02093299456176024,0.06556810680568996,0.7612723872480626,207037
230,4162073,127464,3572421,2020-09-08,272814,5734,0.03062512358625137,0.8583273287133599,0.021017982948089174,0.06554762494554997,0.7644972067242443,208565
231,4197889,128539,3611632,2020-09-09,275088,5774,0.030619913961517326,0.8603448066397182,0.020989646949339847,0.06553007952330327,0.7632424615170456,209958
232,4238446,129522,3657701,2020-09-10,277327,5818,0.03055884161317615,0.8629816210941463,0.020978844468803975,0.06543129250673478,0.7633040320989551,211684
233,4282164,130396,3695158,2020-09-11,279509,5866,0.030450958907692467,0.862918374915113,0.02098680185611197,0.06527283868623435,0.7647066504998766,213742
234,4315687,131210,3723206,2020-09-12,281665,5912,0.030403038959961645,0.8627145573810149,0.020989473310492963,0.065265391118494,0.7657476812725655,215684
235,4330455,131625,3723206,2020-09-13,282517,5961,0.030395189420049394,0.8597724719457887,0.021099615244392373,0.06523956489560566,0.7705180379458145,217684
236,4345610,132006,3770138,2020-09-14,283235,5999,0.030376863087115503,0.8675739424384609,0.021180291983688457,0.06517727085495477,0.7739550505801109,219211
237,4382263,133119,3811505,2020-09-15,285448,6040,0.03037677108836234,0.8697572464272455,0.02115972085984137,0.06513712207596851,0.7727703508823168,220585
238,4419083,134106,3845464,2020-09-16,287685,6085,0.030347019958665632,0.8701950155722352,0.021151606792151136,0.0651006102397262,0.7727602049034935,222311
239,4455386,134935,3873934,2020-09-17,289655,6132,0.030285815864214683,0.8694945847565172,0.021170012601197975,0.06501232440915333,0.7741725958592964,224242
240,4495183,135793,3897539,2020-09-18,292019,6181,0.03020855880617096,0.8670479043900994,0.021166430951410697,0.06496265001892025,0.7752347047611885,226383
241,4528240,136532,3936893,2020-09-19,294210,6221,0.030151228733459358,0.8694090860908432,0.02114476054518881,0.06497226295426037,0.7755312451506862,228169
242,4544629,136895,3963446,2020-09-20,295303,6265,0.030122370824989236,0.8721165138012366,0.021215497302770375,0.06497846138815731,0.7792462387920309,230113
243,4558040,137272,3993432,2020-09-21,295996,6313,0.03011645356337373,0.8761292134338444,0.0213279909187962,0.06493931602179884,0.783983139158063,232055
244,4591364,138105,4016831,2020-09-22,297805,6359,0.030079296697016398,0.8748665973771629,0.021352898708886688,0.06486198872491922,0.7852669624674474,233856
245,4591364,138105,4046827,2020-09-23,299415,6408,0.030079296697016398,0.8813997321928734,0.021401733380091176,0.0652126470478054,0.7899323309170437,236517
246,4657702,139808,4102954,2020-09-24,301248,6455,0.030016518875617203,0.8808966309995787,0.02142752814956448,0.06467738811972085,0.7884629646953556,237522
247,4689613,140537,4128490,2020-09-25,303058,6503,0.029967718018523062,0.8803476960678845,0.02145793874439876,0.06462324289872107,0.790392057745741,239534
248,4717991,141406,4153307,2020-09-26,305186,6552,0.02997165530837172,0.8803126161113914,0.021468874719023808,0.06468558333409284,0.7912392396417594,241475
249,4732309,141741,4172711,2020-09-27,306036,6599,0.029951763504876796,0.8817494800107094,0.0215628226744566,0.06466948798144838,0.7956206628413213,243488
250,4745464,142058,4197372,2020-09-28,306629,6648,0.029935534228054412,0.8845019159348801,0.021680923852603635,0.06461517777818987,0.8007025954000883,245518
251,4777522,142921,4237152,2020-09-29,308252,6697,0.02991529918648203,0.8868932471687205,0.021725730895501085,0.06452131460619125,0.8023878180062711,247337
252,4810935,143952,4274774,2020-09-30,310526,6744,0.029921834321187047,0.888553680313702,0.021717988187784597,0.06454587309951185,0.8020949251990118,249071
253,4847092,144680,4299659,2020-10-01,312050,6795,0.029848824821150494,0.8870594987675084,0.021775356513379265,0.06437880692175844,0.8048750332690117,251161
254,4847092,144680,4299659,2020-10-02,313404,6844,0.029848824821150494,0.8870594987675084,0.02183762810940511,0.06465814966994643,0.8096093564635108,253734
255,4906833,145987,4361108,2020-10-03,314711,6890,0.029751776757024336,0.888782642490584,0.021893101925258413,0.06413729588922223,0.8102367325184935,254990
256,4915289,146352,4375354,2020-10-04,315440,6925,0.02977485148889516,0.8901519320634046,0.021953461831093077,0.06417527026386445,0.8126692736107135,256348
257,4927235,146675,4397882,2020-10-05,316005,6953,0.029768216859963042,0.8925659117131617,0.022002816411132737,0.06413434715413412,0.814658056417042,257436
258,4969141,147494,4430340,2020-10-06,318147,6985,0.029681991313991695,0.891570595400694,0.021955259675558784,0.06402454669730644,0.8135528037285488,258829
259,5000694,148228,4457172,2020-10-07,319981,7021,0.029641485761776266,0.8913106860767726,0.021941927801963242,0.06398731856018385,0.813529841863296,260314
260,5028444,148957,4488092,2020-10-08,321798,7049,0.029622881352561546,0.8925409132526881,0.021905046022660177,0.06399554215976155,0.8123629886406225,261416
261,5055888,149639,4502854,2020-10-09,323210,7075,0.02959697683176526,0.8906158522498916,0.021889793013830018,0.06392744459529166,0.8117347127056427,262360
262,5082637,150198,4502854,2020-10-10,324964,7099,0.029551195570330913,0.8859287019710438,0.021845496731945694,0.0639361024601993,0.8108030697126892,263481
263,5094979,150488,4526393,2020-10-11,325957,7128,0.029536529983734967,0.8884026803643351,0.021867915093095103,0.06397612237459664,0.8123686606713578,264797
264,5103408,150689,4526393,2020-10-12,326634,7159,0.029527131673579694,0.8869353577060662,0.021917497872236204,0.06400311321375833,0.814915460111424,266179
265,5113628,150998,4526393,2020-10-13,327327,7188,0.029528546073355356,0.8851627455106238,0.021959691684462327,0.06401071802641882,0.8167792978298103,267353
266,5140863,151747,4526393,2020-10-14,329787,7214,0.029517806640636017,0.8804733757736785,0.021874725201417883,0.06415012421066268,0.8143072454837899,268547
267,5169386,152460,4526393,2020-10-15,331362,7243,0.02949286433630609,0.8756152084599602,0.021858269807642397,0.06410084292409195,0.8137431660750464,269643
268,5200300,153214,4526393,2020-10-16,332898,7267,0.029462531007826472,0.8704099763475184,0.02182950933919699,0.06401515297194392,0.8124896877010405,270476
269,5224362,153675,4526393,2020-10-17,334697,7288,0.029415074989060864,0.8664011031394838,0.02177491880715991,0.06406466473801012,0.8114396472955774,271586
270,5224362,153675,4526393,2020-10-18,335351,7316,0.029415074989060864,0.8664011031394838,0.021815948066354358,0.06418984748759753,0.8141328139747341,273020
271,5250727,154176,4526393,2020-10-19,336232,7342,0.029362791095404503,0.8620507217381517,0.02183611315996098,0.06403532310859049,0.8149601527000271,274015
272,5273954,154837,4526393,2020-10-20,337994,7363,0.02935880745262473,0.8582541675562585,0.021784410374148654,0.06408740007971249,0.8131666833857086,274845
273,5298772,155403,4526393,2020-10-21,339215,7384,0.02932811602386364,0.8542343395790571,0.02176790531079109,0.06401766296039912,0.8125697632685082,275635
274,5323630,155900,4526393,2020-10-22,340665,7407,0.029284529540933538,0.8502456030941293,0.02174276782176038,0.0639911113281727,0.8121728367197308,276678
275,5353656,156471,4526393,2020-10-23,342526,7432,0.029226943232811373,0.8454769974014019,0.021697622954169903,0.06397982985832486,0.811300967507667,277891
276,5380635,156903,4526393,2020-10-24,344014,7453,0.029160684566040998,0.841237697781024,0.02166481596679205,0.06393557637713765,0.8109048633689278,278962
277,5394128,157134,4526393,2020-10-25,344705,7475,0.02913056568179324,0.8391334058072036,0.021685209091832146,0.06390374866892294,0.8121777119150315,279961
278,5409854,157397,4526393,2020-10-26,345949,7497,0.0290945005170195,0.8366941141110278,0.021670824312254117,0.06394793648774995,0.8126075962080613,281120
279,5439641,157946,4914733,2020-10-27,347721,7519,0.02903610734605464,0.9035031907436538,0.021623658047687656,0.06392351995287925,0.811569079543988,282199
280,5468270,158456,4947777,2020-10-28,349711,7546,0.028977354812399533,0.9048157826881262,0.02157781711184378,0.06395276751147987,0.8109841062996639,283610
281,5494376,158969,4962574,2020-10-29,351277,7571,0.02893303989388422,0.9032097548475022,0.021552791671529875,0.06393392079464529,0.810662712589775,284767
282,5516658,159477,4987435,2020-10-30,352700,7600,0.02890826293745235,0.9040681876599928,0.021548057839523675,0.06393363518275014,0.8109604535560262,286025
283,5535605,159884,5005161,2020-10-31,353157,7622,0.028882841170928923,0.9041759663126253,0.02158246898688119,0.06379736270922509,0.8119918161704908,286760
284,5545705,160074,5022338,2020-11-01,354043,7645,0.028864499644319343,0.9056266065360491,0.02159342226791661,0.06384093636426748,0.8131588619701047,287893
285,5554206,160253,5039438,2020-11-02,354576,7667,0.028852548861169357,0.9073192459912361,0.021623008889490546,0.06383918781550414,0.8146788440346887,288865
286,5566049,160496,5060697,2020-11-03,354983,7690,0.028834816222422763,0.9092081295008362,0.021663009214525766,0.06377647771336543,0.8163291385464674,289782
287,5590025,161106,5078162,2020-11-04,355753,7711,0.02882026466786821,0.9084327887621254,0.021675151017700484,0.06364068139230146,0.8161720646378301,290355
288,5590025,161106,5078162,2020-11-05,359130,7731,0.02882026466786821,0.9084327887621254,0.021527023640464455,0.06424479318071029,0.8140939227139921,292365
289,5631181,162015,5118156,2020-11-06,361136,7754,0.02877105175628345,0.9088956650478826,0.02147113552788977,0.0641314850295169,0.8118445686757606,293186
290,5653561,162269,5138641,2020-11-07,362563,7776,0.028702087056281873,0.9089211206883591,0.021447307088699068,0.0641300235373776,0.8122045466291364,294475
291,5664115,162397,5147172,2020-11-08,363146,7796,0.028671204592420882,0.9087336680134496,0.021467949529941126,0.06411345814836034,0.813614333328955,295460
292,5675032,162628,5163226,2020-11-09,363986,7818,0.02865675471081044,0.9098144292402228,0.02147884808756381,0.06413814054264363,0.8145627659874417,296489
293,5699005,162802,5183970,2020-11-10,365941,7838,0.028566741036373893,0.9096272068545299,0.021418753296296396,0.06421138426795554,0.8143138866440067,297990
294,5747660,163368,5222937,2020-11-11,367669,7859,0.028423393172177895,0.9087066736724162,0.021375204327805715,0.06396846716750818,0.8135860532832077,299130
295,5781582,164281,5254457,2020-11-12,369259,7882,0.028414541210346925,0.9088268574241445,0.021345451295703016,0.06386815926851855,0.8117448434985487,299744
296,5810652,164737,5274812,2020-11-13,371378,7902,0.028350863207777716,0.9077831541107607,0.0212775123997652,0.06391330955631142,0.8104131441063268,300969
297,5848959,165658,5279452,2020-11-14,372727,7922,0.02832264681629671,0.9026310493884467,0.02125416189328919,0.06372535693958532,0.8086117600735757,301391
298,5863093,165798,5279452,2020-11-15,374009,7943,0.02827824835799125,0.9004551010874294,0.021237456852642583,0.06379039186313436,0.8092616832403771,302671
299,5876464,166014,5335498,2020-11-16,374721,7967,0.028250662303044825,0.9079436205173723,0.021261151630146163,0.06376640782620296,0.8106833863261358,303780
300,5911758,166699,5358299,2020-11-17,375374,7989,0.028197872781666636,0.9063799634558789,0.021282773980083863,0.06349617152799557,0.8107468623490016,304333
301,5945849,167455,5383385,2020-11-18,377445,8013,0.028163345554184104,0.905402239444695,0.021229583118070182,0.06348042138305228,0.8090213161957522,305361
302,5981767,168061,5406066,2020-11-19,380294,8038,0.02809554434333534,0.9037573680151701,0.021136278773790804,0.0635755287693419,0.8070307230343505,306908
303,6020164,168613,5430896,2020-11-20,382164,8061,0.028008040976956774,0.9021176167293782,0.02109303859076208,0.063480662653044,0.806247676321539,308118
304,6052786,168989,5437189,2020-11-21,383945,8081,0.027919209435126238,0.8982952643625597,0.02104728541848442,0.06343277294125382,0.8057223739128916,309353
305,6071401,169183,5457973,2020-11-22,384903,8102,0.027865561836551398,0.8989643411792435,0.021049459214399473,0.06339607612806336,0.8066469573085889,310480
306,6087608,169485,5481184,2020-11-23,386321,8123,0.02784098450491556,0.9003838617729657,0.02102655563637493,0.06346022937087933,0.8066157564517584,311612
307,6118708,170115,5509645,2020-11-24,387786,8143,0.02780243803103531,0.9004588877259709,0.020998695156606996,0.06337710510127302,0.8055877730482889,312395
308,6166606,170769,5534010,2020-11-25,390909,8165,0.02769254270501472,0.8974158556586881,0.020887214159817247,0.06339127228170569,0.8030792154957076,313930
309,6204220,171460,5556887,2020-11-26,392381,8185,0.027636028380682826,0.8956624684488944,0.020859827565554906,0.06324421119818446,0.8019759524330761,314680
310,6238350,171974,5581436,2020-11-27,394300,8207,0.027567225307974064,0.8946974760954419,0.0208141009383718,0.06320581564035362,0.8011115253818573,315878
311,6290272,172561,5581436,2020-11-28,398504,8227,0.02743299494839015,0.8873123451577293,0.02064471121996266,0.06335242736721083,0.7975366091766195,317821
312,6314740,172833,5581436,2020-11-29,401419,8247,0.02736977294393752,0.8838742371023985,0.020544617967759374,0.06356857131093284,0.796033026490002,319542
313,6335878,173120,5597802,2020-11-30,403071,8268,0.02732375844358114,0.8835084892733098,0.020512515164822078,0.06361722874083119,0.7959267728109588,320815
314,6386787,173817,5712305,2020-12-01,406189,8293,0.0272150926592667,0.8943941609450886,0.02041660409316845,0.06359833199384918,0.793831869194662,322445
